﻿pos_x,pos_y,rotation,side,designator,mpn,pack,footprint,value,mount_type,place
65.25,47.25,0.0,top,C28,,,C_0805_2012Metric_Pad1.18x1.45mm_HandSolder,u1,smt,True
65.2125,44.75,0.0,top,C29,,,C_0805_2012Metric_Pad1.18x1.45mm_HandSolder,u1,smt,True
69.4625,42.75,0.0,top,C30,,,C_0805_2012Metric_Pad1.18x1.45mm_HandSolder,u1,smt,True
69.5,40.5,0.0,top,C31,,,C_0805_2012Metric_Pad1.18x1.45mm_HandSolder,u1,smt,True
71.445,46.47,-90.0,top,C32,,,C_0805_2012Metric_Pad1.18x1.45mm_HandSolder,u1,smt,True
72.25,60.0375,90.0,top,C33,,,C_0805_2012Metric_Pad1.18x1.45mm_HandSolder,u1,smt,True
68.75,46.47,-90.0,top,C34,,,C_0805_2012Metric_Pad1.18x1.45mm_HandSolder,u1,smt,True
70.25,60.0375,90.0,top,C35,,,C_0805_2012Metric_Pad1.18x1.45mm_HandSolder,22u,smt,True
67.5375,49.5,180.0,top,C36,,,C_0805_2012Metric_Pad1.18x1.45mm_HandSolder,u1,smt,True
74.14,46.47,-90.0,top,C39,,,C_0805_2012Metric_Pad1.18x1.45mm_HandSolder,1n,smt,True
24.5,27.9625,-90.0,bottom,C40,,,C_0805_2012Metric_Pad1.18x1.45mm_HandSolder,22u,smt,True
60.5,41.75,-90.0,top,C41,,,C_0805_2012Metric_Pad1.18x1.45mm_HandSolder,1u,smt,True
58.0,41.75,-90.0,top,C42,,,C_0805_2012Metric_Pad1.18x1.45mm_HandSolder,22u,smt,True
50.304522,43.1,180.0,top,J10,,,AMPHENOL_SFV12R-2STE1HLF,SFV12R-2STE1HLF,smt,True
77.222,30.966,0.0,bottom,J11,,,PinHeader_1x10_P2.54mm_Vertical_SMD_Pin1Right,~,smt,True
77.222,4.042,0.0,bottom,J12,,,PinHeader_1x08_P2.54mm_Vertical_SMD_Pin1Right,~,smt,True
28.962,-1.038,0.0,bottom,J13,,,PinHeader_1x06_P2.54mm_Vertical_SMD_Pin1Right,~,smt,True
52.59,18.84,0.0,top,J8,,,AMPHENOL_7312P0225A13LF,7712P0225A25LF,smt,True
28.962,21.822,0.0,bottom,J9,,,PinHeader_1x08_P2.54mm_Vertical_SMD_Pin1Right,~,smt,True
61.25,53.25,-90.0,top,R1000,,,R_0805_2012Metric_Pad1.20x1.40mm_HandSolder,0R,smt,True
67.5,62.0,-90.0,top,R1001,,,R_0805_2012Metric_Pad1.20x1.40mm_HandSolder,0R,smt,True
74.0,50.0,0.0,top,R31,,,R_0805_2012Metric_Pad1.20x1.40mm_HandSolder,24k,smt,True
58.42,61.97,-90.0,top,R32,,,R_0805_2012Metric_Pad1.20x1.40mm_HandSolder,10k,smt,True
65.25,62.0,-90.0,top,R33,,,R_0805_2012Metric_Pad1.20x1.40mm_HandSolder,10k,smt,True
62.96,62.0,-90.0,top,R34,,,R_0805_2012Metric_Pad1.20x1.40mm_HandSolder,10k,smt,True
60.67,62.0,-90.0,top,R35,,,R_0805_2012Metric_Pad1.20x1.40mm_HandSolder,10k,smt,True
76.8475,52.19,180.0,top,R36,,,R_0805_2012Metric_Pad1.20x1.40mm_HandSolder,200R,smt,True
76.8475,54.33,180.0,top,R40,,,R_0805_2012Metric_Pad1.20x1.40mm_HandSolder,200R,smt,True
76.8475,56.47,180.0,top,R41,,,R_0805_2012Metric_Pad1.20x1.40mm_HandSolder,200R,smt,True
76.8475,58.61,180.0,top,R42,,,R_0805_2012Metric_Pad1.20x1.40mm_HandSolder,200R,smt,True
79.0,46.5,90.0,top,R43,,,R_0805_2012Metric_Pad1.20x1.40mm_HandSolder,10k,smt,True
28.6525,-13.0,0.0,top,R44,,,R_0805_2012Metric_Pad1.20x1.40mm_HandSolder,22R,smt,True
76.325,46.5,-90.0,top,R45,,,R_0805_2012Metric_Pad1.20x1.40mm_HandSolder,11.3k,smt,True
62.5,57.25,180.0,top,R46,,,R_0805_2012Metric_Pad1.20x1.40mm_HandSolder,10k,smt,True
67.5,66.0,90.0,top,R47,,,R_0805_2012Metric_Pad1.20x1.40mm_HandSolder,10k,smt,True
41.5,40.25,0.0,top,R48,,,R_0805_2012Metric_Pad1.20x1.40mm_HandSolder,10k,smt,True
41.5,42.5,0.0,top,R49,,,R_0805_2012Metric_Pad1.20x1.40mm_HandSolder,10k,smt,True
37.5,40.25,0.0,top,R50,,,R_0805_2012Metric_Pad1.20x1.40mm_HandSolder,10k,smt,True
37.5,42.5,0.0,top,R51,,,R_0805_2012Metric_Pad1.20x1.40mm_HandSolder,200R,smt,True
76.8475,60.75,0.0,top,R52,,,R_0805_2012Metric_Pad1.20x1.40mm_HandSolder,10k,smt,True
67.5,55.25,-90.0,top,U6,,,QFN24_4x4x0.8_STM,ST8034HNQR,smt,True
