﻿Designator,Quantity,Value,Footprint,Package,MPN,DNP,Mount_Type,Description,PARTREV,STANDARD,MAXIMUM_PACKAGE_HEIGHT,MANUFACTURER
"C28, C29, C30, C31, C32, C33, C34, C36",8,u1,C_0805_2012Metric_Pad1.18x1.45mm_HandSolder,,,,smt,Unpolarized capacitor,,,,
"C35, C40, C42",3,22u,C_0805_2012Metric_Pad1.18x1.45mm_HandSolder,,,,smt,Unpolarized capacitor,,,,
C39,1,1n,C_0805_2012Metric_Pad1.18x1.45mm_HandSolder,,,,smt,Unpolarized capacitor,,,,
C41,1,1u,C_0805_2012Metric_Pad1.18x1.45mm_HandSolder,,,,smt,Unpolarized capacitor,,,,
J10,1,SFV12R-2STE1HLF,AMPHENOL_SFV12R-2STE1HLF,,,,smt,,C,Manufacturer Recommendations,2mm,Amphenol
J11,1,~,PinHeader_1x10_P2.54mm_Vertical_SMD_Pin1Right,,,,smt,,,,,
"J12, J9",2,~,PinHeader_1x08_P2.54mm_Vertical_SMD_Pin1Right,,,,smt,,,,,
J13,1,~,PinHeader_1x06_P2.54mm_Vertical_SMD_Pin1Right,,,,smt,,,,,
J8,1,7712P0225A25LF,AMPHENOL_7312P0225A13LF,,,,smt,,L,Manufacturer Recommendations,3.60mm,Amphenol
"R1000, R1001",2,0R,R_0805_2012Metric_Pad1.20x1.40mm_HandSolder,,,,smt,"Resistor, US symbol",,,,
R31,1,24k,R_0805_2012Metric_Pad1.20x1.40mm_HandSolder,,,,smt,"Resistor, US symbol",,,,
"R32, R33, R34, R35, R43, R46, R47, R48, R49, R50, R52",11,10k,R_0805_2012Metric_Pad1.20x1.40mm_HandSolder,,,,smt,"Resistor, US symbol",,,,
"R36, R40, R41, R42, R51",5,200R,R_0805_2012Metric_Pad1.20x1.40mm_HandSolder,,,,smt,"Resistor, US symbol",,,,
R44,1,22R,R_0805_2012Metric_Pad1.20x1.40mm_HandSolder,,,,smt,"Resistor, US symbol",,,,
R45,1,11.3k,R_0805_2012Metric_Pad1.20x1.40mm_HandSolder,,,,smt,"Resistor, US symbol",,,,
U6,1,ST8034HNQR,QFN24_4x4x0.8_STM,,,,smt,,,,,
