﻿Designator,Quantity,Value,Footprint,Package,MPN,DNP,Mount_Type,Description,PARTREV,STANDARD,MAXIMUM_PACKAGE_HEIGHT,MANUFACTURER
"C40, C42",2,22u,C_0805_2012Metric_Pad1.18x1.45mm_HandSolder,,,,smt,Unpolarized capacitor,,,,
C41,1,1u,C_0805_2012Metric_Pad1.18x1.45mm_HandSolder,,,,smt,Unpolarized capacitor,,,,
J10,1,SFV12R-2STE1HLF,AMPHENOL_SFV12R-2STE1HLF,,,,smt,,C,Manufacturer Recommendations,2mm,Amphenol
J11,1,~,PinHeader_1x10_P2.54mm_Vertical_SMD_Pin1Left,,,,smt,,,,,
"J12, J9",2,~,PinHeader_1x08_P2.54mm_Vertical_SMD_Pin1Left,,,,smt,,,,,
J13,1,~,PinHeader_1x06_P2.54mm_Vertical_SMD_Pin1Left,,,,smt,,,,,
J8,1,7712P0225A25LF,AMPHENOL_7312P0225A13LF,,,,smt,,L,Manufacturer Recommendations,3.60mm,Amphenol
"MH1, MH2, MH3, MH4",4,MountingHole_3.2mm,MountingHole_3.2mm,,,,tht,,,,,
"R48, R49, R50",3,10k,R_0402_1005Metric_Pad0.72x0.64mm_HandSolder,,,,smt,"Resistor, US symbol",,,,
R51,1,200R,R_0402_1005Metric_Pad0.72x0.64mm_HandSolder,,,,smt,"Resistor, US symbol",,,,
U6,1,ST8034HNQR,QFN24_4x4x0.8_STM,,,,smt,,,,,
