﻿pos_x,pos_y,rotation,side,designator,mpn,pack,footprint,value,mount_type,place
25.4625,22.5,180.0,bottom,C40,,,C_0805_2012Metric_Pad1.18x1.45mm_HandSolder,22u,smt,True
9.9625,25.0,180.0,bottom,C41,,,C_0805_2012Metric_Pad1.18x1.45mm_HandSolder,1u,smt,True
9.9625,23.0,180.0,bottom,C42,,,C_0805_2012Metric_Pad1.18x1.45mm_HandSolder,22u,smt,True
3.97,25.5,90.0,bottom,J10,,,AMPHENOL_SFV12R-2STE1HLF,SFV12R-2STE1HLF,smt,True
18.796,50.8,90.0,bottom,J11,,,PinHeader_1x10_P2.54mm_Vertical_SMD_Pin1Left,~,smt,True
45.72,50.8,90.0,bottom,J12,,,PinHeader_1x08_P2.54mm_Vertical_SMD_Pin1Left,~,smt,True
50.8,2.54,90.0,bottom,J13,,,PinHeader_1x06_P2.54mm_Vertical_SMD_Pin1Left,~,smt,True
32.55,26.18,90.0,top,J8,,,AMPHENOL_7312P0225A13LF,7712P0225A25LF,smt,True
27.94,2.54,90.0,bottom,J9,,,PinHeader_1x08_P2.54mm_Vertical_SMD_Pin1Left,~,smt,True
15.24,50.8,0.0,top,MH1,,,MountingHole_3.2mm,MountingHole_3.2mm,tht,False
13.97,2.54,0.0,top,MH2,,,MountingHole_3.2mm,MountingHole_3.2mm,tht,False
66.04,35.56,0.0,top,MH3,,,MountingHole_3.2mm,MountingHole_3.2mm,tht,False
66.04,7.62,0.0,top,MH4,,,MountingHole_3.2mm,MountingHole_3.2mm,tht,False
10.4025,31.0,180.0,bottom,R48,,,R_0402_1005Metric_Pad0.72x0.64mm_HandSolder,10k,smt,True
10.4025,28.5,180.0,bottom,R49,,,R_0402_1005Metric_Pad0.72x0.64mm_HandSolder,10k,smt,True
9.4025,21.0,180.0,bottom,R50,,,R_0402_1005Metric_Pad0.72x0.64mm_HandSolder,10k,smt,True
10.4025,26.5,180.0,bottom,R51,,,R_0402_1005Metric_Pad0.72x0.64mm_HandSolder,200R,smt,True
27.5,32.5,180.0,bottom,U6,,,QFN24_4x4x0.8_STM,ST8034HNQR,smt,True
