﻿Designator,Quantity,Value,Footprint,Package,MPN,DNP,Mount_Type,Description,PARTREV,STANDARD,MAXIMUM_PACKAGE_HEIGHT,MANUFACTURER
C40,1,22u,C_0805_2012Metric_Pad1.18x1.45mm_HandSolder,,,,smt,Unpolarized capacitor,,,,
J1,1,7712P0225A25LF,AMPHENOL_7312P0225A13LF,,,,smt,,L,Manufacturer Recommendations,3.60mm,Amphenol
J11,1,~,PinHeader_1x10_P2.54mm_Vertical_SMD_Pin1Left,,,,smt,,,,,
"J12, J9",2,~,PinHeader_1x08_P2.54mm_Vertical_SMD_Pin1Left,,,,smt,,,,,
J13,1,~,PinHeader_1x06_P2.54mm_Vertical_SMD_Pin1Left,,,,smt,,,,,
"MH1, MH2, MH3, MH4",4,MountingHole_3.2mm,MountingHole_3.2mm,,,,tht,,,,,
U6,1,ST8034HNQR,QFN24_4x4x0.8_STM,,,,smt,,,,,
